source_sheet,source_row,process,section,sub_section,ui_field,ui_mandatory,ui_conditional_required,edit_fix_value,ui_default,ui_validation,employee_group_permanent,employee_group_expat,employee_group_retirement,employee_group_temp_intern_contingent,employee_group_dvt,hr_require_validation_logic,require_hr_confirm,hr_confirm_detail,remark,edit_type,maintain_by_hris,maintain_by_hrbp,maintain_by_spd,maintain_by_supervisor,maintain_by_employee,db_table,db_field,db_type,db_length,lov_if_any,ui_revise_require,revise_or_not,check_1,fix_1,check_2,fix_2
Employee file,6,Hiring,Identity,,Hire Date,Required,Required,,Default to current date ( Hire Date is editable; the system allows changes to both past and future dates.  ),hire date (future / as-is / มีอดีต-ไม่ควรข้ามรอบ payroll）,,,,,,,,,,,Y,,,,,Employment,HIRE_DATE,LOV,xx,,,,,,,
Employee file,7,Hiring,Identity,,Company,Required,Not Required,,,,,,,,,,,,,,Y,,,,,Emp Job Info,COMPANY_CODE,LOV,,,,,,,,
Employee file,8,Hiring,Identity,,Event reason,Required,Not Required,,,,,,,,,,,,,,,,,,,Emp Job Info,EVENT_REASON,LOV,,,,,,,,
Employee file,9,Hiring,Identity,Name Information,Salutation (EN),Required,Not Required,,,,,,,,,,,,,Direct edit,,,,,,Personal Info,SALUTATION_EN,LOV,,salutation,,,,,,
Employee file,10,Hiring,Identity,Name Information,Firstname (EN),Required,Not Required,,,,,,,,,,,,,Direct edit,,,,,,Personal Info,FIRSTNAME_EN,Text,,,,,,,,
Employee file,11,Hiring,Identity,Name Information,Middle Name (EN),Not Required,Not Required,,,,,,,,,,,,,Direct edit,,,,,,Personal Info,MIDDLENAME_EN,Text,,,,,,,,
Employee file,12,Hiring,Identity,Name Information,Lastname (EN),Required,Not Required,,,,,,,,,,,,,Direct edit,,,,,,Personal Info,LASTNAME_EN,Text,,,,,,,,
Employee file,14,Hiring,Identity,Biographical Info,Date of Birth,Required,Required,,,Recruit Date should be greater than Date of Birth.,,,,,,"1 not possible to use the Buddhist Era (B.E.)
2Age <15",Require,Age <15,,Direct edit,,,,,,Biographical Info,DATE_OF_BIRTH,LOV,,,,,,,,
Employee file,15,Hiring,Identity,Biographical Info,Country of Birth,Not Required,Not Required,,,,,,,,,,,,,Direct edit,,,,,,Biographical Info,COUNTRY_OF_BIRTH,LOV,,ISOCountryList,,,,,,
Employee file,16,Hiring,Identity,Biographical Info,Region of Birth,Not Required,Not Required,,,,,,,,,,,,,Direct edit,,,,,,Biographical Info,Region of Birth,Text,,,,,,,,
Employee file,17,Hiring,Identity,Biographical Info,Age,Required,Required,,"Age = (Current Date - Birth Date + 1) / 365.25; display as Year.Month (no rounding).
Generation = auto-derived from Birth Year based on standard generation ranges.",,,,,,,,,,,Direct edit,,,,,,Biographical Info,Age,Text,,,,,,,,
Employee file,20,Hiring,Identity,Employee Information,Employee ID,Required,Required,,"Auto-generated after all required fields are completed and submitted; 8 digits, starts with “2”, unique running number",,,,,,,,,,,,,,,,,,,,,,,,,,,
Employee file,21,Hiring,Identity,National ID Information,National ID Card Type,Required,Not Required,,,,,,,,,,,"โดยปกติ case มีเคสที่พนักงานต้องใส่ country / National ID Card Type / National ID มากกว่า 1 ไหม
-> (ไม่จำเป็นต้องใช้แล้ว)","National ID Card Type 
1.Thai National Identification Number – Use for normal employee 
2.Thai National Identification Number (2) – Use incase employee was hired by two companies in CG group in the same time (Paid salary with two companies)  -> add on condition excel",Direct edit,,,,,,National ID,NATIONAL ID CARD TYPE,Text,,idType_ID_Card,,,,,,
Employee file,23,Hiring,Identity,National ID Information,Country,Required,Not Required,,,,,,,,,,,,,Direct edit,,,,,,National ID,COUNTRY,LOV,,ISOCountryList,,,,,,
Employee file,24,Hiring,Identity,National ID Information,National ID,Required,Required,,-System should auto-insert hyphens (-) in the National ID field during input,"-Thai National Identification :N-NNNN-NNNNN-NN-N
-VN ID Card Number : NNNNNNNNN
2. Validate National ID must be unique; system shall check for duplicates and reject if already exists , Validate uniqueness on submit",,,,,,,,"ต่างชาติใส่ TAX ID ใน thai national -> 13 digits
No need to add all of country natioanl ID validation logic",,Direct edit,,,,,,National ID,NATIONAL_ID,Text,,,,,,,,
Employee file,25,Hiring,Identity,National ID Information,Issue Date,Not Required,Not Required,,,,,,,,,,,,,Direct edit,,,,,,National ID,ISSUE_DATE,LOV,,,,,,,,
Employee file,26,Hiring,Identity,National ID Information,Expiry Date,Not Required,Not Required,,,,,,,,,> Hire date,,,,Direct edit,,,,,,National ID,EXPIRY_DATE,LOV,,,,,,,,
Employee file,27,Hiring,Identity,National ID Information,Is Primary,Required,Required,,Defualt selected as yes (editable),,,,,,,,,,,Direct edit,,,,,,National ID,ISPRIMARY,LOV,,Yes/No,,,,,,
Employee file,30,Hiring,Identity,National ID Information,[VN] Issue Place,,,,,,,,,,,,,,Use only for VN,,,,,,,National ID,,,,,,,,,,
Employee file,31,Hiring,Identity,National ID Information,Attachment,Not Required,Required,,,"Allow file types: .pdf, .jpg, .jpeg, .png, , pptx ;.xlsx; Max size: 10 MB. -> apply all",,,,,,,,,,Direct edit,,,,,,National ID,Attachment,,,,,,,,,
Employee file,33,Hiring,Personal Information,Personal Information,Salutation (Local),Required,Required,,"IF Salutation_EN = ""Mr.""
    THEN Salutation_Local = ""นาย""
ELSE IF Salutation_EN = ""Mrs.""
    THEN Salutation_Local = ""นาง""
ELSE IF Salutation_EN = ""Miss""
    THEN Salutation_Local = ""นางสาว""",,,,,,,,,,,Direct edit,,,,,,Personal Info,SALUTATION (LOCAL),LOV,,salutation,,,,,,
Employee file,34,Hiring,Personal Information,Personal Information,Other Title (TH),Not Required,Not Required,,,,,,,,,,,,,Direct edit,,,,,,Personal Info,TITLE_TH,LOV,,zOtherTitle,,,,,,
Employee file,35,Hiring,Personal Information,Personal Information,Firstname (Local),Required,Not Required,,,,,,,,,,,,,Direct edit,,,,,,Personal Info,FIRSTNAME (LOCAL),Text,,,,,,,,
Employee file,36,Hiring,Personal Information,Personal Information,Lastname (Local),Required,Not Required,,,,,,,,,,,,,Direct edit,,,,,,Personal Info,LASTNAME (LOCAL),Text,,,,,,,,
Employee file,37,Hiring,Personal Information,Personal Information,Middle Name (Local),Not Required,Not Required,,,,,,,,,,,,"Pending confirm w/ P'tik
หา mapping middle name- local ไม่เจอ",Direct edit,,,,,,Personal Info,MIDDLENAME(LOCAL),Text,,,,,,,,
Employee file,38,Hiring,Personal Information,Personal Information,Nickname (EN/TH),Not Required,,,,,,,,,,,,,,Direct edit,,,,,,Personal Info,NICKNAME,Text,,,"change to ""not require"" to fill in",,,,,
Employee file,39,Hiring,Personal Information,Personal Information,Gender,Required,Required,,"1.If Salution(local) is
Mrs. / Miss / นาง / นางสาว gender = Female
2.If Salution(local) is
Mr. / นาย gender = Male",,,,,,,,,,,Direct edit,,,,,,Personal Info,GENDER,Text,,,,,,,,
Employee file,40,Hiring,Personal Information,Personal Information,Nationality,Required,Not Required,,,,,,,,,,,,,Direct edit,,,,,,Personal Info,NATIONALITY,LOV,,ISOCountryList,,,,,,
Employee file,41,Hiring,Personal Information,Personal Information,Foreigner,Not Required,Not Required,,Nationality <>TH = Yes,,,,,,,Nationality <>TH,,,,Direct edit,,,,,,Personal Info,FOREIGNER,LOV,,Yes/No/No selection,,,,,,
Employee file,42,Hiring,Personal Information,Personal Information,Blood Type,Not Required,Not Required,,,,,,,,,,,,,Direct edit,,,,,,Personal Info,BLOODTYPE,LOV,,BLOODGROUP,,,,,,
Employee file,43,Hiring,Personal Information,Personal Information,Marital Status,Not Required,Not Required,,"IF Salutation_EN IN (""Mrs."", ""Miss"")
    THEN
        Military_Status = ""Exempt""
        Military_Status Field = Editable

ELSE IF Salutation_EN = ""Mr.""
    THEN
        Military_Status =  ""No selection""
        Military_Status Field = Editable",,,,,,,,,,,Direct edit,,,,,,Personal Info,MARITAL_STATUS,LOV,,ecMaritalStatus,,,,,,
Employee file,44,Hiring,Personal Information,Personal Information,Marital Status Since,Not Required,Not Required,,,,,,,,,,,,,Direct edit,,,,,,Personal Info,Marital Status Since,LOV,,,,,,,,
Employee file,45,Hiring,Personal Information,Personal Information,Number of Children,Not Required,Not Required,,,,,,,,,,,,,Direct edit,,,,,,Personal Info,CHILDEN_NUMBER,Text,,,,,,,,
Employee file,48,Hiring,Personal Information,Personal Information,Attachment,Required,Required,,,"Allow file types: .pdf, .jpg, .jpeg, .png, , pptx ;.xlsx; Max size: 10 MB. -> apply all",,,,,,,,,,Direct edit,,,,,,Personal Info,,LOV,,ISOCountryList,,,,,,
Employee file,49,Hiring,Personal Information,Global Information,Country/Region,Required,Required,,Default value as Thailand (editable),,,,,,,,,Support for adding global information for one dataset is sufficient.,,,,,,,,Personal Info,,,,No selection / Thailand/Vietnam,,,,,,
Employee file,50,Hiring,Personal Information,Global Information,Number of children,Not Required,Not Required,,,,,,,,,,,,,,,,,,,Global Information,Number of Children,Text,,,,,,,,
Employee file,51,Hiring,Personal Information,Global Information,Religion,Not Required,Not Required,,,,,,,,,,,,,,,,,,,Global Information,Religion,LOV,,RELIGION_THA,,,,,,
Employee file,52,Hiring,Personal Information,Global Information,Disability Status,Not Required,Not Required,,,,,,,,,,,,,,,,,,,Global Information,Disability Status,LOV,,Yes/No/No selection,,,,,,
Employee file,53,Hiring,Personal Information,Global Information,Disability Certificate Start Date,Not Required,Not Required,,,,,,,,,Disability Status = Yes Required,,,,,,,,,,Global Information,Disability Certificate Start Date,LOV,,,,,,,,
Employee file,54,Hiring,Personal Information,Global Information,Disability Certificate End Date,Not Required,Not Required,,,,,,,,,Disability Status = Yes Required,,,,,,,,,,Global Information,Disability Certificate End Date,LOV,,,,,,,,
Employee file,55,Hiring,Personal Information,Global Information,Type of Disability,Not Required,Not Required,,,,,,,,,Disability Status = Yes Required,,,"Pending confirm w/ P'tik
หา mapping ไม่เจอ",,,,,,,Global Information,Type of Disability,LOV,,,,,,,,
Employee file,56,Hiring,Personal Information,Global Information,Certificate ID,Not Required,Not Required,,,,,,,,,Disability Status = Yes Required,,,,,,,,,,Global Information,Certificate ID,Text,,,,,,,,
Employee file,57,Hiring,Personal Information,Global Information,Spouse's Father ID Number,Not Required,Not Required,,,,,,,,,,,,,,,,,,,Global Information,Spouse's Father ID Number,Text,,,,,,,,
Employee file,58,Hiring,Personal Information,Global Information,Spouse's Mother ID Number,Not Required,Not Required,,,,,,,,,,,,,,,,,,,Global Information,Spouse's Mother ID Number,Text,,,,,,,,
Employee file,59,Hiring,Personal Information,Global Information,Additional Information,Not Required,Not Required,,,,,,,,,,,,,,,,,,,Global Information,Additional Information,Text,,,,,,,,
Employee file,60,Hiring,Personal Information,Email Information,Email Type,Required,Not Required,,,,,,,,,,,,,Direct edit,,,,,,Email Info,EMAIL TYPE,LOV,,ecEmailType,,,,,,
Employee file,62,Hiring,Personal Information,Email Information,Email Address,Required,Required,,,Validate email format and reject invalid entries.,,,,,,,,,"Confirm w/p'tik
Can add more than 1  email on UI
(business email (Intregration for business email -> user single sign on / personal email)",Direct edit,,,,,,Email Info,EMAIL,Text,,,,,,,,
Employee file,63,Hiring,Personal Information,Email Information,Is Primary,Required,Required,,Defualt selected as yes (editable),,,,,,,,,,,Direct edit,,,,,,Email Info,ISPRIMARY,LOV,,Yes/No,,,,,,
Employee file,66,Hiring,Personal Information,Phone Information,Phone Type,Required,Not Required,,,,,,,,,,,,,Direct edit,,,,,,Phone Info,PHONE TYPE,LOV,,ecPhoneType,,,,,,
Employee file,68,Hiring,Personal Information,Phone Information,Country Code,Required,Required,,Default country code to “66”; editable.,,,,,,,,,,,Direct edit,,,,,,Phone Info,COUNTRY_CODE,Text,,,,,,,,
Employee file,69,Hiring,Personal Information,Phone Information,Phone Number,Required,Required,,,"Numeric only (0–9)
'validate by type of phone type 
'if has 66 , validate that no need to add 0",,,,,,,,Can add more than 1 phone number on UI,,Direct edit,,,,,,Phone Info,PHONE_NUMBER,Text,,,,,,,,
Employee file,70,Hiring,Personal Information,Phone Information,Extension,Not Required,Not Required,,,,,,,,,Type = Mobile (hidden),,,,Direct edit,,,,,,Phone Info,Extension,Text,,,,,,,,
Employee file,71,Hiring,Personal Information,Phone Information,Is Primary,Required,Required,,Defualt selected as yes (editable),,,,,,,Only one number,,,,Direct edit,,,,,,Phone Info,ISPRIMARY,LOV,,Yes/No,,,,,,
Employee file,74,Hiring,Personal Information,Social Accounts Information,Domain,,Required,,,IF Social Accounts Information  are added THEN this field is required,,,,,,,,,,,,,,,,,,LOV,,imdomain,,,,,,
Employee file,75,Hiring,Personal Information,Social Accounts Information,Instant Messaging ID,,Required,,,IF Social Accounts Information are added THEN this field is required,,,,,,,,,,,,,,,,,,Text,,,,,,,,
Employee file,76,Hiring,Personal Information,Social Accounts Information,URL,,,,,,,,,,,,,,,,,,,,,,,Text,,,,,,,,
Employee file,77,Hiring,Personal Information,Addresses,Address Type,Required,Required,,"Default selected ""Permanent"" (editable)",,,,,,,Currenttype can click copy Address from Permanent,,After select country ( system only validate and show on UI for field use for thailand address detail or vietnam address detail,ไม่อยากกรอกสองครั้ง,Direct edit,,,,,,Addresses,ADDRESS_TYPE,LOV,,addressType,,,,,,
Employee file,79,Hiring,Personal Information,Addresses,Floor,Not Required,Not Required,,,,,,,,,,,,,Direct edit,,,,,,Addresses,FLOOR,Text,,,,,,,,
Employee file,80,Hiring,Personal Information,Addresses,Room No.,Not Required,Not Required,,,,,,,,,,,,,Direct edit,,,,,,Addresses,ROOM NO,Text,,,,,,,,
Employee file,81,Hiring,Personal Information,Addresses,Village,Not Required,Not Required,,,,,,,,,,,,,Direct edit,,,,,,Addresses,VILLAGE,Text,,,,,,,,
Employee file,82,Hiring,Personal Information,Addresses,House Number,Required,Not Required,,,,,,,,,,,,,Direct edit,,,,,,Addresses,HOUSE_NUMBER,Text,,,,,,,,
Employee file,83,Hiring,Personal Information,Addresses,Building,Not Required,Not Required,,,,,,,,,,,,,Direct edit,,,,,,Addresses,BUILDING,Text,,,,,,,,
Employee file,84,Hiring,Personal Information,Addresses,Street,Not Required,Not Required,,,,,,,,,,,,,Direct edit,,,,,,Addresses,STREET,Text,,,,,,,,
Employee file,85,Hiring,Personal Information,Addresses,Moo,Not Required,Not Required,,,,,,,,,,,,,Direct edit,,,,,,Addresses,MOO,Text,,,,,,,,
Employee file,86,Hiring,Personal Information,Addresses,Lane / Soi,Not Required,Not Required,,,,,,,,,,,,,Direct edit,,,,,,Addresses,SOI,Text,,,,,,,,
Employee file,87,Hiring,Personal Information,Addresses,District,Required,Required,,,"1.IF Province is selected
THEN filter District by selected Province
2.IF District is selected
THEN filter Sub-District by selected District
3.IF Sub-District is selected
THEN auto-populate Postal Code
4.IF Province is changed
THEN clear District, Sub-District, and Postal Code
5.IF District is changed
THEN clear Sub-District and Postal Code",,,,,,,,,,Direct edit,,,,,,Addresses,DISTRICT,LOV,,zDistrict,,,,,,
Employee file,88,Hiring,Personal Information,Addresses,Sub-District,Required,Required,,,Refer G87,,,,,,,,,,Direct edit,,,,,,Addresses,SUB_DISTRICT,LOV,,zSubDistrict,,,,,,
Employee file,89,Hiring,Personal Information,Addresses,Province,Required,Required,,,Refer G87,,,,,,,,,,Direct edit,,,,,,Addresses,PROVINCE,LOV,,zProvince,,,,,,
Employee file,90,Hiring,Personal Information,Addresses,Postal Code,Required,Required,,,Refer G87,,,,,,,,,,Direct edit,,,,,,Addresses,POSTAL_CODE,LOV,,zPostalCode,,,,,,
Employee file,91,Hiring,Personal Information,Addresses,Country,Required,Required,,"Default selected ""Thailand"" (editable)",Refer G87,,,,,,,,,,Direct edit,,,,,,Addresses,COUNTRY,LOV,,country,,,,,,
Employee file,94,Hiring,Personal Information,Addresses,Attachment,Not Required,Required,,,"Allow file types: .pdf, .jpg, .jpeg, .png, , pptx ;.xlsx; Max size: 10 MB. -> apply all",,,,,,,,,,Direct edit,,,,,,Addresses,Attachment,,,,,,,,,
Employee file,95,Hiring,Personal Information,Addresses,sys_EC-PY_ProvinceCode,,,,,"Duplicate EC to send to payroll intregration
can use direct fields or not? (send to payroll)
If yes can delete this field",,,,,,,,,Confirm with p'tik LOV same or not (EC/payroll),,,,,,,,,,,,,,,,,
Employee file,96,Hiring,Personal Information,Addresses,sys_EC-PY_ProvinceText,,,,,"Duplicate EC to send to payroll intregration
can use direct fields or not? (send to payroll)
If yes can delete this field",,,,,,,,,Confirm with p'tik LOV same or not (EC/payroll),,,,,,,,,,,,,,,,,
Employee file,97,Hiring,Personal Information,Addresses,sys_EC-PY_District,,,,,"Duplicate EC to send to payroll intregration
can use direct fields or not? (send to payroll)
If yes can delete this field",,,,,,,,,Confirm with p'tik LOV same or not (EC/payroll),,,,,,,,,,,,,,,,,
Employee file,98,Hiring,Personal Information,Addresses,sys_EC-PY_SubDistrict,,,,,"Duplicate EC to send to payroll intregration
can use direct fields or not? (send to payroll)
If yes can delete this field",,,,,,,,,Confirm with p'tik LOV same or not (EC/payroll),,,,,,,,,,,,,,,,,
Employee file,99,Hiring,Personal Information,Addresses,sys_EC-PY_PostalCode,,,,,"Duplicate EC to send to payroll intregration
can use direct fields or not? (send to payroll)
If yes can delete this field",,,,,,,,,Confirm with p'tik LOV same or not (EC/payroll),,,,,,,,,,,,,,,,,
Employee file,100,Hiring,Personal Information,Primary Emergency Contact,Name,Not Required,,,,IF Primary Emergency Contact are added THEN this field is required,,,,,,,,"User can add and miantain for more 1 data set (support, prefer to have 2 data set )",,Direct edit,,,,,,Emergency Contact,NAME,,,,,,,,,
Employee file,101,Hiring,Personal Information,Primary Emergency Contact,Relationship,Not Required,,,#VALUE!,IF Primary Emergency Contact are added THEN this field is required,,,,,,,,,,Direct edit,,,,,,Emergency Contact,RELATIONSHIP,LOV,,relation,,,,,,
Employee file,102,Hiring,Personal Information,Primary Emergency Contact,Primary,Not Required,,,,IF Primary Emergency Contact are added THEN this field is required,,,,,,,,,,Direct edit,,,,,,Emergency Contact,PRIMARY,LOV,,Yes/No,,,,,,
Employee file,103,Hiring,Personal Information,Primary Emergency Contact,Phone,Not Required,,,,,,,,,,,,,,Direct edit,,,,,,Emergency Contact,PHONE,,,,,,,,,
Employee file,104,Hiring,Personal Information,Primary Emergency Contact,copy Address from Employee,Not Required,,,,"IF Primary Emergency Contact are added THEN this field is required
IF “Copy Address from Employee” is selected
THEN address detail fields are not required and will be overridden;
display message: “The address will be copied from the employee.”",,,,,,,,,,Direct edit,,,,,,,Copy Address from Employee,LOV,,Yes/No,,,,,,
Employee file,109,Hiring,Personal Information,Dependents,Relationship,Not Required,Required,,,IF dependents are added THEN this field is required,,,,,,,,,,Direct edit,,,,,,Dependens,RELATIONSHIP,LOV,,personRelationshipType,,,,,,
Employee file,110,Hiring,Personal Information,Dependents,Salutation (EN),Not Required,,,,,,,,,,,,,,Direct edit,,,,,,Dependens,SALUTATION (EN),,,,,,,,,
Employee file,111,Hiring,Personal Information,Dependents,Phone,Not Required,,,,,,,,,,,,,,Direct edit,,,,,,,,,,,,,,,,
Employee file,112,Hiring,Personal Information,Dependents,Firstname (EN),Not Required,Required,,,IF dependents are added THEN this field is required,,,,,,,,,,Direct edit,,,,,,Dependens,FIRSTNAME (EN),,,,,,,,,
Employee file,113,Hiring,Personal Information,Dependents,Lastname (EN),Not Required,Required,,,IF dependents are added THEN this field is required,,,,,,,,,,Direct edit,,,,,,Dependens,LASTNAME (EN),,,,,,,,,
Employee file,114,Hiring,Personal Information,Dependents,Salutation (Local),Not Required,Required,,,IF dependents are added THEN this field is required,,,,,,,,,,Direct edit,,,,,,Dependens,SALUTATION (LOCAL),,,,,,,,,
Employee file,115,Hiring,Personal Information,Dependents,Firstname (Local),Not Required,Required,,,IF dependents are added THEN this field is required,,,,,,,,,,Direct edit,,,,,,Dependens,FIRSTNAME (LOCAL),,,,,,,,,
Employee file,116,Hiring,Personal Information,Dependents,Lastname (Local),Not Required,Required,,,IF dependents are added THEN this field is required,,,,,,,,,,Direct edit,,,,,,Dependens,LASTNAME (LOCAL),,,,,,,,,
Employee file,117,Hiring,Personal Information,Dependents,Nationality,Not Required,,,,,,,,,,,,,,Direct edit,,,,,,Dependens,NATIONALITY,,,Nationality,,,,,,
Employee file,118,Hiring,Personal Information,Dependents,Date of Birth,Not Required,,,,,,,,,,,,,,Direct edit,,,,,,Dependens,DATE OF BIRTH,,,,,,,,,
Employee file,119,Hiring,Personal Information,Dependents,Country,Not Required,Required,,,IF dependents are added THEN this field is required,,,,,,,,,,Direct edit,,,,,,Dependens,COUNTRY,,,,,,,,,
Employee file,120,Hiring,Personal Information,Dependents,National ID Card Type,Not Required,Required,,,IF dependents are added THEN this field is required,,,,,,,,,,Direct edit,,,,,,Dependens,NATIONAL ID TYPE,,,,,,,,,
Employee file,121,Hiring,Personal Information,Dependents,National ID,Not Required,Required,,,IF dependents are added THEN this field is required,,,,,,,,,,Direct edit,,,,,,Dependens,NATIONAL ID,,,,,,,,,
Employee file,122,Hiring,Personal Information,Dependents,Primary,Not Required,,,,,,,,,,,,,,Direct edit,,,,,,Dependens,IS PRIMARY,,,Yes/No,,,,,,
Employee file,123,Hiring,Personal Information,Dependents,Attachment,Not Required,,,,,,,,,,,,,,Direct edit,,,,,,Dependens,ATTACHMENT,,,,,,,,,
Employee file,124,Hiring,Personal Information,Dependents,Copy Address from Employee,Not Required,Required,,,"IF dependents are added THEN this field is required
IF “Copy Address from Employee” is selected
THEN address detail fields are not required and will be overridden;
display message: “The address will be copied from the employee.”",,,,,,,,,#VALUE!,Direct edit,,,,,,Dependens,COPY ADDRESS FROM EMPLOYEE,,,,,,,,,
Employee file,126,Hiring,Personal Information,Dependents,House Number,Not Required,,,,,,,,,,,,,,Direct edit,,,,,,Dependens,,,,,,,,,,
Employee file,127,Hiring,Personal Information,Dependents,Building,Not Required,,,,,,,,,,,,The system shall maintain child information under the Dependents sub-section. All dependent records shall be used for benefit integration.,,Direct edit,,,,,,Dependens,,,,,,,,,,
Employee file,128,Hiring,Personal Information,Dependents,Floor,Not Required,,,,,,,,,,,,,,Direct edit,,,,,,Dependens,,,,,,,,,,
Employee file,129,Hiring,Personal Information,Dependents,Village,Not Required,,,,,,,,,,,,,,Direct edit,,,,,,Dependens,,,,,,,,,,
Employee file,130,Hiring,Personal Information,Dependents,Moo,Not Required,,,,,,,,,,,,,,Direct edit,,,,,,Dependens,,,,,,,,,,
Employee file,131,Hiring,Personal Information,Dependents,Lane / Soi,Not Required,,,,,,,,,,,,,,Direct edit,,,,,,Dependens,,,,,,,,,,
Employee file,132,Hiring,Personal Information,Dependents,Street,Not Required,,,,,,,,,,,,,,Direct edit,,,,,,Dependens,,,,,,,,,,
Employee file,133,Hiring,Personal Information,Dependents,Province,Not Required,,,,IF dependents are added THEN this field is required,,,,,,,,,,Direct edit,,,,,,Dependens,,,,,,,,,,
Employee file,134,Hiring,Personal Information,Dependents,District,Not Required,,,,IF dependents are added THEN this field is required,,,,,,,,,,Direct edit,,,,,,Dependens,,,,,,,,,,
Employee file,135,Hiring,Personal Information,Dependents,Sub-District,Not Required,,,,IF dependents are added THEN this field is required,,,,,,,,,,Direct edit,,,,,,Dependens,,,,,,,,,,
Employee file,136,Hiring,Personal Information,Dependents,Postal Code,Not Required,,,,IF dependents are added THEN this field is required,,,,,,,,,,Direct edit,,,,,,Dependens,,,,,,,,,,
Employee file,147,Hiring,Job Information,Job Information,OK to Rehire,,,,,,Not require,Not require,Not require,Not require,Not require,"Default is based on the reason for resignation; however, HR can modify.",Require,employee group relelated fields,move to other page ( not require to add info on hiring process) -> move to termination process : employee (no require) -> manager process (require),Take action: Change Job and Compensation Info,,,,,,Emp Job Info,OK_TO_REHIRE,LOV,,Yes/No,,,,,,
Employee file,149,Hiring,Job Information,Job Information,Additional Information (Termination),,,,,,Not require,Not require,Not require,Not require,Not require,,Require,employee group relelated fields,,Take action: Change Job and Compensation Info,,,,,,Emp Job Info,TERMINATE_REMARK,,,,,,,,,
Employee file,150,Hiring,Job Information,,Business unit,,,,,,,,,,,,,,,,,,,,,Emp Job Info,BU_CODE,,,,,,,,,
Employee file,152,Hiring,Job Information,Target Position,Company,Required,Required,,Default Company Code based on value entered in the Identity section (not allow to edit),,,,,,,,,,,,,,,,,Emp Job Info,COMPANY_CODE,,,,,,,,,
Employee file,153,Hiring,Job Information,,Function,,,,,,,,,,,,,,,,,,,,,Emp Job Info,COMPANY_NAME,,,,,,,,,
Employee file,155,Hiring,Job Information,Organization Information,Cost Centre,Required,Required,,Auto-populated from FO master data based on selected Position (editable),,,,,,,,,,"Pending confirm w/p'tik
Group/Business unit /Function/Organization/HR district/Transfer from -> mapping DB?",Take action: Change Job and Compensation Info,,,,,,Emp Job Info,COSTCENTER,,,,,,,,,
Employee file,156,Hiring,Job Information,Organization Information,Point of Sales,Required/Not required,Required,,Auto-populated from FO master data based on selected Position (editable),,,,,,,,,,,Take action: Change Job and Compensation Info,,,,,,Emp Job Info,POINT_OF_SALE,,,,,,,,,
Employee file,157,Hiring,Job Information,Job Information,Country,Required,Required,,Auto-populated from FO master data based on selected Position,,Require,Require,Require,Require,Require,,Require,employee group relelated fields,,Take action: Change Job and Compensation Info,,,,,,Emp Job Info,COUNTRY,,,,,,,,,
Employee file,158,Hiring,Job Information,Organization Information,Policy Profile,Required,Required,,Auto-populated from FO master data based on selected Position,,,,,,,,,Cancel,,Take action: Change Job and Compensation Info,,,,,,Emp Job Info,POLICY_PROFILE,,,,,,,,,
Employee file,159,Hiring,Job Information,Organization Information,Group,Required,Required,,Auto-populated from FO master data based on selected Position,,,,,,,,,,,Take action: Change Job and Compensation Info,,,,,,Emp Job Info,GROUP_,,,,,,,,,
Employee file,163,Hiring,Job Information,Job Information,Employee Group,Required,Required,,,,Required ; Driver field,Required ; Driver field,Required ; Driver field,Required ; Driver field,Required ; Driver field,,Require,employee group relelated fields,,Take action: Change Job and Compensation Info,,,,,,Emp Job Info,EMPLOYEE_GROUP,,,FO masterdata,,,,,,
Employee file,164,Hiring,Job Information,Job Information,Employee Subgroup,Required,Required,,,,Required ; filter by group,Required ; filter by group,Required ; filter by group,Required ; filter by group,Required ; filter by group,Filter by Employee Group,Require,employee group relelated fields,,Take action: Change Job and Compensation Info,,,,,,Emp Job Info,EMPLOYEE_SUBGROUP,,,FO masterdata,,,,,,
Employee file,165,Hiring,Job Information,Job Information,Job Code,Required,Required,,Auto-populated from FO master data based on selected Position,,Required  (linked to Position),Required  (linked to Position),Required  (linked to Position),Required  (linked to Position),Required  (linked to Position),,Require,employee group relelated fields,,Take action: Change Job and Compensation Info,,,,,,Emp Job Info,JOB_CODE,,,,,,,,,
Employee file,166,Hiring,Job Information,Job Information,Job Role,Required,Required,,Auto-populated from FO master data based on selected Position,,Required  (linked to Position),Required  (linked to Position),Required  (linked to Position),Required  (linked to Position),Required  (linked to Position),,Require,employee group relelated fields,,Take action: Change Job and Compensation Info,,,,,,Emp Job Info,JOB_NAME,,,,,,,,,
Employee file,167,Hiring,Job Information,Job Information,Job Family,Required,Required,,Auto-populated from FO master data based on selected Position,,Required  (linked to Position),Required  (linked to Position),Required  (linked to Position),Required  (linked to Position),Required  (linked to Position),,Require,employee group relelated fields,,Take action: Change Job and Compensation Info,,,,,,Emp Job Info,JOB_FAMILY,,,,,,,,,
Employee file,169,Hiring,Job Information,Job Information,Job Type,Required,Required,,Auto-populated from FO master data based on selected Position,,Required  (linked to Position),Required  (linked to Position),Required  (linked to Position),Required  (linked to Position),Required  (linked to Position),,Require,employee group relelated fields,,Take action: Change Job and Compensation Info,,,,,,Emp Job Info,JOBTYPE,,,,,,,,,
Employee file,170,Hiring,Job Information,Organization Information,Store Brand/ Format,Not Required,Required,,Auto-populated from FO master data based on selected Position,,,,,,,,,,,Take action: Change Job and Compensation Info,,,,,,Emp Job Info,STORE_FORMAT_CODE,,,,,,,,,
Employee file,173,Hiring,Job Information,Organization Information,Store/ Branch Code,Required,Required,,Auto-populated from FO master data based on selected Position,,,,,,,,,,,Take action: Change Job and Compensation Info,,,,,,Emp Job Info,BRANCH_CODE,,,,,,,,,
Employee file,178,Hiring,Job Information,Organization Information,Brand,Not Required,Required,,Auto-populated from FO master data based on selected Position,,,,,,,,,,,Take action: Change Job and Compensation Info,,,,,,Emp Job Info,BRAND_CODE,,,,,,,,,
Employee file,180,Hiring,Job Information,Organization Information,Zone,Required,Required,,Auto-populated from FO master data based on selected Position (editable),,,,,,,,,,,Take action: Change Job and Compensation Info,,,,,,Emp Job Info,ZONE,,,,,,,,,
Employee file,181,Hiring,Job Information,Target Position,Position,Required,Required,,"After selecting Position, user can click to view the organization chart","IF “Enter Manager to Filter Positions” is selected
THEN filter Positions based on the selected Manager",,,,,,,,,,,,,,,,Emp Job Info,POSITION_CODE,,,,,,,,,
Employee file,185,Hiring,Job Information,Job Information,Corporate Title,,,,Auto-populated from FO master data based on selected Position (editable),,"Required (Editable)
(linked to PG)","Required (Editable)
(linked to PG)","Required (Editable)
(linked to PG)","Temporay/ internship : Not require  (Editable)
H-Contingent Worker : Required (Editable)",Not require  (Editable),,Require,Keep the existing,,Take action: Change Job and Compensation Info,,,,,,Emp Job Info,CORPORATE_TITLE_CODE,LOV,,,,,,,,
Employee file,189,Hiring,Job Information,Time Information,Time Management Status,Require,Require,,Auto-populated from EC Conditions,,,,,,,,,,,,,,,,,Emp Job Info,TIME_MANANGEMT_STATUS,,,,,,,,,
Employee file,190,Hiring,Job Information,Organization Information,Work Location,Required,Required,,Auto-populated from FO master data based on selected Position (editable),,,,,,,,,,,Take action: Change Job and Compensation Info,,,,,,Emp Job Info,WORK_LOCATION_CODE,,,,,,,,,
Employee file,193,Hiring,Job Information,Organization Information,SSO Location,Required,Required,,Auto-populated from FO master data based on selected Position,,,,,,,,,,,Take action: Change Job and Compensation Info,,,,,,Emp Job Info,SSO_LOCATION,,,,,,,,,
Employee file,195,Hiring,Job Information,Time Information,FTE,Require,Require,,Auto-populated from FO master data based on selected Position,,,,,,,,,,,,,,,,,Emp Job Info,FTE,,,,,,,,,
Employee file,197,Hiring,Job Information,Job Information,Supervisor ID,,Required,,Auto-populated from FO master data based on selected Position (editable).,,Required (linked to Position) except Level N (ตำแหน่งสูงสุด),Required (linked to Position) except Level N (ตำแหน่งสูงสุด),Required (linked to Position) except Level N (ตำแหน่งสูงสุด),Required (linked to Position) except Level N (ตำแหน่งสูงสุด),Required (linked to Position) except Level N (ตำแหน่งสูงสุด),,Require,employee group relelated fields,,Take action: Change Job and Compensation Info,,,,,,Emp Job Info,SUPERVISOR_ID,,,,,,,,,
Employee file,198,Hiring,Job Information,Job Information,Personnel Grade,,,,,,Required  (linked to employee subgroup),Required  (linked to employee subgroup),Required  (linked to employee subgroup),Not require,Not require,,Require,employee group relelated fields,,Take action: Change Job and Compensation Info,,,,,,Emp Job Info,PG,,,,,,,,,
Employee file,199,Hiring,Job Information,Job Information,Job Grade,,,,,,Required  (linked to Position),Required  (linked to Position),Required  (linked to Position),Required  (linked to Position),Required  (linked to Position),,Require,employee group relelated fields,,Take action: Change Job and Compensation Info,,,,,,Emp Job Info,JG,,,,,,,,,
Employee file,200,Hiring,Job Information,Time Information,Standard Weekly Hours,ttac,Require,,Auto-populated from FO master data based on selected Position,,,,,,,,,,,,,,,,,Emp Job Info,STANDARD_WEEKLY_HR,,,,,,,,,
Employee file,201,Hiring,Job Information,Time Information,Daily Working Hours,Require,Require,,Auto-populated from FO master data based on selected Position,,,,,,,,,,,,,,,,,Emp Job Info,DAILY_WORKING_HR,,,,,,,,,
Employee file,202,Hiring,Job Information,Time Information,Working Days per Week,Require,Require,,Auto-populated from FO master data based on selected Position,,,,,,,,,,,,,,,,,Emp Job Info,WORKING_DAY_PER_WEEK,,,,,,,,,
Employee file,203,Hiring,Job Information,Time Information,Work Schedule,Require,Require,,Auto-populated from FO master data based on selected Position (editable),,,,,,,,,,,,,,,,,Emp Job Info,WORK_SCHEDULE,,,,,,,,,
Employee file,204,Hiring,Job Information,Time Information,Holiday Type Condition,Not Required,Not Required,,,,,,,,,,,,,,,,,,,Emp Job Info,HOLIDAY_TYPE_CONDITION,,,,,,,,,
Employee file,205,Hiring,Job Information,Organization Information,Time Zone,Required,Required,,Auto-populated from FO master data based on selected Position,,,,,,,,,,,Take action: Change Job and Compensation Info,,,,,,Emp Job Info,TIMEZONE,,,,,,,,,
Employee file,206,Hiring,Job Information,Job Information,Contract Type,,,,,,"Required ; default as ""regular"" (LOV, editable)","Required ; default as ""regular"" (LOV, editable)",required (LOV),required (LOV),"required (LOV, editable)",,Require,employee group relelated fields,,Take action: Change Job and Compensation Info,,,,,,Emp Job Info,CONTRACT_TYPE,,,,,,,,,
Employee file,207,Hiring,Job Information,Time Information,O.T. Flag,Require,Require,,Default as No (editable),,,,,,,,,,,,,,,,,Emp Job Info,OT_FLAG,,,,,,,,,
Employee file,208,Hiring,Job Information,Job Information,Contract End Date,,,,,,Not Required (Hidden),Not Required (Hidden),Required  (linked to Contract Type),"Not Required (Hidden when select longTerm)
Required  (linked to Contract Type)",Required  (linked to Contract Type),,Require,employee group relelated fields,,Take action: Change Job and Compensation Info,,,,,,Emp Job Info,CONTRACT_ENDDATE,,,,,,,,,
Employee file,209,Hiring,Job Information,Job Information,DVT: Project name,,,,,,"Not Required(Hidden)
Required  (linked to Scholarship=Y)",Not Required(Hidden),Not Required (Hidden),Not Required (Hidden),required,,Require,employee group relelated fields,,Take action: Change Job and Compensation Info,,,,,,Emp Job Info,DVT: Project name,,,,,,,,,
Employee file,210,Hiring,Job Information,Job Information,DVT: Partner University,,,,,,"Not Required(Hidden)
Required  (linked to Scholarship=Y)",Not Required(Hidden),Not Required (Hidden),Not Required (Hidden),required,,Require,employee group relelated fields,,Take action: Change Job and Compensation Info,,,,,,Emp Job Info,DVT: Partner University,,,,,,,,,
Employee file,211,Hiring,Job Information,Job Information,DVT: Type,,,,,,"Not Required(Hidden)
Required  (linked to Scholarship=Y)",Not Required(Hidden),Not Required (Hidden),Not Required (Hidden),required,,Require,employee group relelated fields,,Take action: Change Job and Compensation Info,,,,,,Emp Job Info,DVT: Type,,,,,,,,,
Employee file,212,Hiring,Job Information,Job Information,DVT: Degree Level,,,,,,"Not Required(Hidden)
Required  (linked to Scholarship=Y)",Not Required(Hidden),Not Required (Hidden),Not Required (Hidden),required,,Require,employee group relelated fields,,Take action: Change Job and Compensation Info,,,,,,Emp Job Info,DVT: Degree Level,,,,,,,,,
Employee file,213,Hiring,Job Information,Job Information,DVT: Course,,,,,,"Not Required(Hidden)
Required  (linked to Scholarship=Y)",Not Required(Hidden),Not Required (Hidden),Not Required (Hidden),required,,Require,employee group relelated fields,,Take action: Change Job and Compensation Info,,,,,,Emp Job Info,DVT: Course,,,,,,,,,
Employee file,214,Hiring,Job Information,Job Information,DVT: Course of Time,,,,,,"Not Required(Hidden)
Required  (linked to Scholarship=Y)",Not Required(Hidden),Not Required (Hidden),Not Required (Hidden),required,,Require,employee group relelated fields,,Take action: Change Job and Compensation Info,,,,,,Emp Job Info,DVT: Course of Time,,,,,,,,,
Employee file,215,Hiring,Job Information,Job Information,DVT: Academic Year,,,,,,"Not Required(Hidden)
Required  (linked to Scholarship=Y)",Not Required(Hidden),Not Required (Hidden),Not Required (Hidden),required,,Require,employee group relelated fields,,Take action: Change Job and Compensation Info,,,,,,Emp Job Info,DVT: Academic Year,,,,,,,,,
Employee file,216,Hiring,Job Information,Job Information,DVT: Graduation Date,,,,,,Not Required (linked to Scholarship=Y),Not Required(Hidden),Not Required (Hidden),Not Required (Hidden),Not Required,,Require,employee group relelated fields,,Take action: Change Job and Compensation Info,,,,,,Emp Job Info,DVT: Graduation Date,,,,,,,,,
Employee file,217,Hiring,Job Information,Job Information,DVT: Bonding End date,,,,,,Not Required (linked to Scholarship=Y),Not Required(Hidden),Not Required (Hidden),Not Required (Hidden),Not Required,,Require,employee group relelated fields,,Take action: Change Job and Compensation Info,,,,,,,,,,,,,,,,
Employee file,218,Hiring,Job Information,Job Information,Scholarship,,,,,,Not Required,Not Required (Hidden),Not Required (Hidden),Not Required (Hidden),Not Required (Hidden),,Require,checking rule for DVT ( permanent > scholarship > DVT required,,Take action: Change Job and Compensation Info,,,,,,Emp Job Info,Scholarship,,,,,,,,,
Employee file,219,Hiring,Job Information,Time Information,Override Standard Weekly Hours,Not Required,Not Required,,,,,,,,,,,,,,,,,,,,,,,,,,,,,
Employee file,220,Hiring,Job Information,Time Information,Day off Type,Not Required,Not Required,,,,Required (linked to Work Schedule),Required (linked to Work Schedule),Required (linked to Work Schedule),Required (linked to Work Schedule),Required (linked to Work Schedule),,Require,"Day off Type (Checkbox Mon-Sun, NoFixed), Special Dayoff 0-3",new requirement?,,,,,,,,,,,,,,,,,
Employee file,221,Hiring,Job Information,Time Information,Holiday Calendar,Not Required,Not Required,,,,,,,,,,,,ดึง data retail field FO (position related) -> checking,,,,,,,,,,,,,,,,,
Employee file,222,Hiring,Job Information,Time Information,Time Recording Variant,Not Required,Not Required,,,,,,,,,,Require,cancel,remove,,,,,,,,,,,,,,,,,
Employee file,229,Hiring,Job Information,Job Information,Probationary Period End Date,,,,,,Required; system up to populated hire date + 119 days,Required; system up to populated hire date + 119 days,Not Required (Hidden),Not Required,Not Required (Hidden),,Require,employee group relelated fields,,Take action: Change Job and Compensation Info,,,,,,Emp Job Info,Probationary Period End Date,,,,,,,,,
Employee file,230,Hiring,Job Information,Job Information,Extended Retirement Date,,,,,,Not Required,Not Required,Not Required,Not Required (Hidden),Not Required (Hidden),,Require,employee group relelated fields,,Take action: Change Job and Compensation Info,,,,,,Emp Job Info,Extended Retirement Date,,,,,,,,,
Employee file,231,Hiring,Job Information,Job Information,Extended Probation Date,,,,,,Not Required,Not Required,Not Required,Not Required,Not Required,,Require,employee group relelated fields,,Take action: Change Job and Compensation Info,,,,,,Emp Job Info,Extended Probation Date,,,,,,,,,
Employee file,233,Hiring,Job Information,Job Information,Attachment,,,,,,Not Required,Not Required,Not Required,Not Required,Not Required,,Require,employee group relelated fields,,Take action: Change Job and Compensation Info,,,,,,Emp Job Info,Attachment,,,,,,,,,
Employee file,234,Hiring,Job Information,Job Information,Band Matching,,,,,,Required (linked to position),Required (linked to position),Required (linked to position),Required (linked to position),Required (linked to position),,Require,employee group relelated fields,,Take action: Change Job and Compensation Info,,,,,,Emp Job Info,Band Matching,,,,,,,,,
Employee file,235,Hiring,Job Information,Job Information,Transfer out to,,,,,,Not Required,Not Required,Not Required,Not Required,Not Required,,Require,employee group relelated fields,"For RF ( สาเหตุการลาออก)
Need to have on termination",Take action: Change Job and Compensation Info,,,,,,,,LOV,,,,,,,,
Employee file,236,Hiring,Job Information,Job Information,Transfer in to,,,,,,Not Required,Not Required,Not Required,Not Required,Not Required,,,,,,,,,,,,,LOV,,,,,,,,
Employee file,237,Hiring,Job Information,Job Information,Band,,,,Auto-populated from FO master data based on selected Position (editable),,"Required (Editable)
(linked to PG)","Required (Editable)
(linked to PG)","Required (Editable)
(linked to PG)","Not require  (Editable)
H-Contingent Worker Required (Editable)",Not require  (Editable),,Require,Keep the existing,,Take action: Change Job and Compensation Info,,,,,,,,,,,,,,,,
Employee file,238,Hiring,Job Information,Job Information,Special Benefit Group,,,,,"IF fill in this field for Flag (BE)
benefit ที่ไม่ได้ใช้ตาม policy (plan ที่ default create enroll จะหายไปแล้วให้ SPD ไป  create เอง) , ตาม policy ไม่ได้อะไรก้ใช้ flag นี้ได้
-NEW / Existing employee",Not Required,Not Required,Not Required,Not Required,Not Required,,Require,employee group relelated fields,,Take action: Change Job and Compensation Info,,,,,,,,,,,,,,,,
Employee file,241,Hiring,Job Information,Employment Details,CG previous Employee ID,Not Required,Not Required,,,,,,,,,,,,,Direct Edit,,,,,,Employment,PREVIOUS_ID,,,,,,,,,
Employee file,242,Hiring,Job Information,Employment Details,Hire Date,Require,Require,,Default same as hiredate same as identity section (editable),,,,,,,,,,,Direct Edit,,,,,,Employment,HIRE_DATE,,,,,,,,,
Employee file,246,Hiring,Job Information,Employment Details,Retire­ment Date,Not Required,Require,,"CPN 1 Jan After 60Y, CRC & CU 1 Mar After 60Y",,,,,,,,,,,Direct Edit,,,,,,Employment,RETIREMENT_DATE,,,,,,,,,
Employee file,247,Hiring,Job Information,Employment Details,Original Start Date,Require,Require,,Default same as hiredate same as identity section (editable),,,,,,,,,,,Direct Edit,,,,,,Employment,ORIGINAL_STARTDATE,,,,,,,,,
Employee file,248,Hiring,Job Information,Employment Details,Seniority Start Date,Require,Require,,Default same as hiredate same as identity section (editable),,,,,,,,,,,,,,,,,Employment,SENIORITY_STARTDATE,,,,,,,,,
Employee file,255,Hiring,Job Information,Employment Details,DVT previous ID,Not Required,Not Required,,,,,,,,,key employee ID (Emp Group F-DVT),,,,Direct Edit,,,,,,Employment,DVT previous ID,,,,,,,,,
Employee file,256,Hiring,Job Information,Employment Details,PF service Date,Not Required,Not Required,,,,,,,,,,,EC Rep ลง PY,,Direct Edit,,,,,,Employment,PF service Date,,,,,,,,,
Employee file,257,Hiring,Job Information,Employment Details,PF service End Date,Not Required,Not Required,,,,,,,,,,,EC Rep ลง PY,,Direct Edit,,,,,,Employment,PF service End Date,,,,,,,,,
Employee file,259,Hiring,Job Information,Employment Details,Employee age (Y/M/D),Not Required,Require,,,,,,,,,,,,fields calculate (อายุพนักงาน),,,,,,,,,,,,,,,,,
Employee file,261,Hiring,Job Information,Job Relationships,Relationship Type,Not Required,Require,,,Required if add Job relationships,,,,,,,,,,Take action: Change Job and Compensation Info,,,,,,Job Relationships,RELATIONSHIP TYPE,,,,,,,,,
Employee file,262,Hiring,Job Information,Job Relationships,Name,Not Required,Require,,,Required if add Job relationships,,,,,,,,,,Take action: Change Job and Compensation Info,,,,,,Job Relationships,NAME,,,,,,,,,
Employee file,263,Hiring,Job Information,Work Permit Info,Document Type,,,,,,,,,,,,,,,,,,,,,Work Permit,DOCUMENT TYPE,,,,,,,,,
Employee file,265,Hiring,Job Information,Work Permit Info,Country,,,,,,,,,,,,,,,,,,,,,Work Permit,COUNTRY,,,,,,,,,
Employee file,266,Hiring,Job Information,Work Permit Info,Document Number,,,,,,,,,,,,,,,,,,,,,Work Permit,DOCUMENT_NUMBER,,,,,,,,,
Employee file,267,Hiring,Job Information,Work Permit Info,Issue Date,,,,,,,,,,,,,,,,,,,,,Work Permit,ISSUE_DATE,,,,,,,,,
Employee file,268,Hiring,Job Information,Work Permit Info,Expiry Date,,,,,,,,,,,,,,,,,,,,,Work Permit,EXPIRY_DATE,,,,,,,,,
Employee file,269,Hiring,Job Information,Work Permit Info,Arrival date (VISA),,,,,,,,,,,,,,,,,,,,,Work Permit,Arrival date (VISA),,,,,,,,,
Employee file,270,Hiring,Job Information,Work Permit Info,90 days report (VISA),,,,,,,,,,,,,,,,,,,,,Work Permit,90 days report (VISA),,,,,,,,,
Employee file,271,Hiring,Job Information,Work Permit Info,Attachment,,,,,,,,,,,,,,,,,,,,,Work Permit,ATTACHMENT,,,,,,,,,
Employee file,275,Hiring,Compensation Information,Payment Information,Bank Code,,,,,,,,,,,,,,,,,,,,,Payment Info.,BANK_CODE,,,,,,,,,
Employee file,276,Hiring,Compensation Information,Payment Information,Bank,,,,,,,,,,,,,,,,,,,,,Payment Info.,BANK_NAME,,,,,,,,,
Employee file,277,Hiring,Compensation Information,Payment Information,Account Number,,,,,,,,,,,,,,,,,,,,,Payment Info.,ACCOUNT_NUMBER,,,,,,,,,
Employee file,278,Hiring,Compensation Information,Payment Information,Bank Country/Region,Required,,,,,,,,,,,,,,,,,,,,Payment Info.,BANK_COUNTRY,,,,,,,,,
Employee file,279,Hiring,Compensation Information,Payment Information,Currency,Required,,,,,,,,,,,,,,,,,,,,Payment Info.,CURRENCY,,,,,,,,,
Employee file,280,Hiring,Compensation Information,Payment Information,Payment Method,Required,,,,,,,,,,,,,,,,,,,,Payment Info.,PAYMENT_METHOD,,,,,,,,,
Employee file,281,Hiring,Compensation Information,Payment Information,Pay Type,Required,,,,,,,,,,,,,,,,,,,,Payment Info.,Pay Type,,,,,,,,,
Employee file,286,Hiring,Compensation Information,Compensation,Pay Component,Required,Required,,,,,,,,,,,,,Direct edit,,,,,,Pay Component  Recurring,PAY_COMPONENT_CODE,,,,,,,,,
Employee file,288,Hiring,Compensation Information,Compensation Information,Frequency,Required,Required,,,,,,,,,,,,,Take action: Change Job and Compensation Info,,,,,,Pay Component  Recurring,FREQUENCY_PAY,,,,,,,,,
Employee file,289,Hiring,Compensation Information,Compensation Information,Amount,Required,,,,,,,,,,,,,,Take action: Change Job and Compensation Info,,,,,,Pay Component  Recurring,AMOUNT,,,,,,,,,
Employee file,290,Hiring,Compensation Information,Compensation Information,Currency,Required,Required,,,,,,,,,,,,,Take action: Change Job and Compensation Info,,,,,,Pay Component  Recurring,CURRRENCY,,,,,,,,,
Employee file,291,Hiring,Compensation Information,Compensation Information,pay group,Required,Required,,,,,,,,,,,,,Take action: Change Job and Compensation Info,,,,,,Pay Component  Recurring,PAYGROUP,,,,,,,,,
Employee file,294,Hiring,Compensation Information,Recurring Payments,Pay Component,Not Required,,,,,,,,,,,,,,,,,,,,,,,,,,,,,,
Employee file,295,Hiring,Compensation Information,Recurring Payments,Amount,Not Required,,,,,,,,,,,,,,,,,,,,,,,,,,,,,,
Employee file,296,Hiring,Compensation Information,Recurring Payments,Currency,Not Required,,,,,,,,,,,,,,,,,,,,,,,,,,,,,,
Employee file,297,Hiring,Compensation Information,Recurring Payments,Frequency,Required,Required,,,,,,,,,,,,,,,,,,,,,,,,,,,,,
Employee file,298,Hiring,Compensation Information,Compensation,Job country/region,,,,,,,,,,,,,,,Direct edit,,,,,,,,,,,,,,,,
Employee file,299,maintain,Personal Information,Advanced Information,Group of people,,,,,,,,,,,,,,,,,,,,,,,,,,,,,,,
Employee file,300,maintain,Personal Information,Advanced Information,Description,,,,,,,,,,,,,,,,,,,,,,,,,,,,,,,
Employee file,301,maintain,Personal Information,Advanced Information,Additional Information - Name,,,,,,,,,,,,,,,,,,,,,,,,,,,,,,,
Employee file,302,maintain,Personal Information,Advanced Information,Additional Information - URL,,,,,,,,,,,,,,,,,,,,,,,,,,,,,,,
Employee file,303,maintain,Personal Information,COI Approval,Approval ID,,,,,,,,,,,,,,,,,,,,,,,,,,,,,,,
Employee file,304,maintain,Personal Information,COI Approval,Company Name,,,,,,,,,,,,,,,,,,,,,,,,,,,,,,,
Employee file,305,maintain,Personal Information,COI Approval,Business Nature,,,,,,,,,,,,,,,,,,,,,,,,,,,,,,,
Employee file,306,maintain,Personal Information,COI Approval,Business Type,,,,,,,,,,,,,,,,,,,,,,,,,,,,,,,
Employee file,307,maintain,Personal Information,COI Approval,Position Name,,,,,,,,,,,,,,,,,,,,,,,,,,,,,,,
Employee file,308,maintain,Personal Information,COI Approval,Term,,,,,,,,,,,,,,,,,,,,,,,,,,,,,,,
Employee file,309,maintain,Personal Information,COI Approval,Start Date,,,,,,,,,,,,,,,,,,,,,,,,,,,,,,,
Employee file,310,maintain,Personal Information,COI Approval,End Date,,,,,,,,,,,,,,,,,,,,,,,,,,,,,,,
Employee file,311,maintain,Personal Information,COI Approval,Compensation Rate,,,,,,,,,,,,,,,,,,,,,,,,,,,,,,,
Employee file,312,maintain,Personal Information,COI Approval,Approved Date,,,,,,,,,,,,,,,,,,,,,,,,,,,,,,,
Employee file,313,maintain,Personal Information,COI Approval,Attachment,,,,,,,,,,,,,,,,,,,,,,,,,,,,,,,
Employee file,314,maintain,Employment Information,Employment Information,Org. Chart,,,,,,,,,,,,,,,,,,,,,,,,,,,,,,,
Employee file,315,maintain,Employment Information,Employment Details,Hire Date,,,,,,,,,,,,,,,,,,,,,,,Text,,,,,,,,
Employee file,316,maintain,Employment Information,Employment Details,Original Start Date,,,,,,,,,,,,,,,,,,,,,,,Text,,,,,,,,
Employee file,317,maintain,Employment Information,Employment Details,Seniority Start Date,,,,,,,,,,,,,,,,,,,,,,,Text,,,,,,,,
Employee file,318,maintain,Employment Information,Employment Details,Year of service,,,,,,,,,,,,,,,,,,,,,,,Text,,,,,,,,
Employee file,319,maintain,Employment Information,Employment Details,Pass Probation Date/Confirm Date,,,,,,,,,,,,,,,,,,,,,,,Text,,,,,,,,
Employee file,320,maintain,Employment Information,Employment Details,Current Corporate Title Effective Date,,,,,,,,,,,,,,,,,,,,,,,Text,,,,,,,,
Employee file,321,maintain,Employment Information,Employment Details,Current Years in Corporate Title,,,,,,,,,,,,,,,,,,,,,,,Text,,,,,,,,
Employee file,322,maintain,Employment Information,Employment Details,Current JG Effective Date,,,,,,,,,,,,,,,,,,,,,,,Text,,,,,,,,
Employee file,323,maintain,Employment Information,Employment Details,Current Years in JG,,,,,,,,,,,,,,,,,,,,,,,Text,,,,,,,,
Employee file,324,maintain,Employment Information,Employment Details,Current PG Effective Date,,,,,,,,,,,,,,,,,,,,,,,Text,,,,,,,,
Employee file,325,maintain,Employment Information,Employment Details,Current Years in PG,,,,,,,,,,,,,,,,,,,,,,,Text,,,,,,,,
Employee file,326,maintain,Employment Information,Employment Details,Current Position Effective Date,,,,,,,,,,,,,,,,,,,,,,,Text,,,,,,,,
Employee file,327,maintain,Employment Information,Employment Details,Current Years in Position,,,,,,,,,,,,,,,,,,,,,,,Text,,,,,,,,
Employee file,328,maintain,Employment Information,Employment Details,Current Store Branch Effective Date,,,,,,,,,,,,,,,,,,,,,,,Text,,,,,,,,
Employee file,329,maintain,Employment Information,Employment Details,Current Years in Store Branch,,,,,,,,,,,,,,,,,,,,,,,Text,,,,,,,,
Employee file,330,maintain,Employment Information,Employment Details,Retire­ment Date,,,,,,,,,,,,,,,,,,,,,,,Text,,,,,,,,
Employee file,331,maintain,Employment Information,Employment Details,CG previous Employee ID,,,,,,,,,,,,,,,,,,,,,,,Text,,,,,,,,
Employee file,332,maintain,Employment Information,Employment Details,DVT previous ID,,,,,,,,,,,,,,,,,,,,,,,Text,,,,,,,,
Employee file,333,maintain,Employment Information,Employment Details,PF service Date,,,,,,,,,,,,,,,,,,,,,,,Text,,,,,,,,
Employee file,334,maintain,compensation Information,Payroll Information,Payslips,,,,,,,,,,,,,,,,,,,,,,,link,,,,,,,,
Employee file,335,maintain,compensation Information,Payroll Information,E-Letter,,,,,,,,,,,,,,,,,,,,,,,link,,,,,,,,
Employee file,336,maintain,compensation Information,Payroll Information,50BIS,,,,,,,,,,,,,,,,,,,,,,,link,,,,,,,,
Employee file,337,maintain,compensation Information,Payroll Information,Tax Deduction,,,,,,,,,,,,,,,,,,,,,,,link,,,,,,,,
Employee file,340,maintain,Profile,,Badges,,,,,,,,,,,,,,,,,,,,,,,,,,,,,,,
Employee file,341,maintain,Profile,,Org Chart,,,,,,,,,,,,,,,,,,,,,,,,,,,,,,,
Employee file,342,maintain,Profile,,Tags,,,,,,,,,,,,,,,,,,,,,,,,,,,,,,,
Employee file,343,maintain,Profile,E-Letter,Year,,,,,,,,,,,,,,,,,,,,,,,,,,,,,,,
Employee file,344,maintain,Profile,E-Letter,Group,,,,,,,,,,,,,,,,,,,,,,,,,,,,,,,
Employee file,345,maintain,Profile,E-Letter,Attachment,,,,,,,,,,,,,,,,,,,,,,,,,,,,,,,
Employee file,346,maintain,Profile,E-Letter,More Information,,,,,,,,,,,,,,,,,,,,,,,,,,,,,,,
Employee file,348,maintain,Profile,Formal Education,Degree,,,,,,,,,,,,,,,,,,,,,,,LOV,,,,,,,,
Employee file,349,maintain,Profile,Formal Education,Country,,,,,,,,,,,,,,,,,,,,,,,LOV,,,,,,,,
Employee file,350,maintain,Profile,Formal Education,University,,,,,,,,,,,,,,,,,,,,,,,LOV,,,,,,,,
Employee file,351,maintain,Profile,Formal Education,Others,,,,,,,,,,,,,,,,,,,,,,,Text,,,,,,,,
Employee file,352,maintain,Profile,Formal Education,Faculty,,,,,,,,,,,,,,,,,,,,,,,Text,,,,,,,,
Employee file,353,maintain,Profile,Formal Education,Major,,,,,,,,,,,,,,,,,,,,,,,LOV,,,,,,,,
Employee file,354,maintain,Profile,Formal Education,Other Major,,,,,,,,,,,,,,,,,,,,,,,Text,,,,,,,,
Employee file,355,maintain,Profile,Formal Education,GPA,,,,,,,,,,,,,,,,,,,,,,,Text,,,,,,,,
Employee file,356,maintain,Profile,Formal Education,Graduated Date,,,,,,,,,,,,,,,,,,,,,,,LOV,,,,,,,,
Employee file,357,maintain,Profile,Formal Education,Is primary,,,,,,,,,,,,,,,,,,,,,,,LOV,,,,,,,,
Employee file,358,maintain,Profile,Work Experience Within Company,Company (Current) -> start date,,,,,,,,,,,,,,,,,,,,,,,,,,,,,,,
Employee file,359,maintain,Profile,Work Experience Within Company,Company (Current) -> end date,,,,,,,,,,,,,,,,,,,,,,,,,,,,,,,
Employee file,360,maintain,Profile,Work Experience Within Company,Company (Current) -> event,,,,,,,,,,,,,,,,,,,,,,,,,,,,,,,
Employee file,361,maintain,Profile,Work Experience Within Company,Work Experience Within Company (History) -> startdate,,,,,,,,,,,,,,,,,,,,,,,,,,,,,,,
Employee file,362,maintain,Profile,Work Experience Within Company,Company (Current) -> end date,,,,,,,,,,,,,,,,,,,,,,,,,,,,,,,
Employee file,363,maintain,Profile,Work Experience Within Company,Company (Current) -> company,,,,,,,,,,,,,,,,,,,,,,,,,,,,,,,
Employee file,364,maintain,Profile,Salary History,Start Date,,,,,,,,,,,,,,,,,,,,,,,LOV,,,,,,,,
Employee file,365,maintain,Profile,Salary History,Salary Amount,,,,,,,,,,,,,,,,,,,,,,,Text,,,,,,,,
Employee file,366,maintain,Profile,Salary History,Changed Amount,,,,,,,,,,,,,,,,,,,,,,,Text,,,,,,,,
Employee file,367,maintain,Profile,Salary History,Reason,,,,,,,,,,,,,,,,,,,,,,,LOV,,,,,,,,
Employee file,368,maintain,Profile,Previous Employment,Previous Work History-> startdate,,,,,,,,,,,,,,,,,,,,,,,LOV,,,,,,,,
Employee file,369,maintain,Profile,Previous Employment,Previous Work History-> enddate,,,,,,,,,,,,,,,,,,,,,,,LOV,,,,,,,,
Employee file,370,maintain,Profile,Previous Employment,Previous Work History-> Company Name,,,,,,,,,,,,,,,,,,,,,,,Text,,,,,,,,
Employee file,371,maintain,Profile,Previous Employment,Type of Business,,,,,,,,,,,,,,,,,,,,,,,LOV,,,,,,,,
Employee file,372,maintain,Profile,Previous Employment,Function,,,,,,,,,,,,,,,,,,,,,,,LOV,,,,,,,,
Employee file,373,maintain,Profile,Previous Employment,Position,,,,,,,,,,,,,,,,,,,,,,,Text,,,,,,,,
Employee file,374,maintain,Profile,Previous Employment,Additional Information,,,,,,,,,,,,,,,,,,,,,,,Text,,,,,,,,
Employee file,375,maintain,Profile,Previous Employment,Present Employer?,,,,,,,,,,,,,,,,,,,,,,,LOV,,,,,,,,
Employee file,376,maintain,Profile,Learning History,Learning History,,,,,,,,,,,,,,,,,,,,,,,,,,,,,,,
Employee file,377,maintain,Profile,Language Skills,Language,,,,,,,,,,,,,,,,,,,,,,,LOV,,,,,,,,
Employee file,378,maintain,Profile,Language Skills,Certificate,,,,,,,,,,,,,,,,,,,,,,,LOV,,,,,,,,
Employee file,379,maintain,Profile,Language Skills,Others,,,,,,,,,,,,,,,,,,,,,,,Text,,,,,,,,
Employee file,380,maintain,Profile,Language Skills,Attachment,,,,,,,,,,,,,,,,,,,,,,,,,,,,,,,
Employee file,381,maintain,Profile,Language Skills,Speaking Proficiency,,,,,,,,,,,,,,,,,,,,,,,LOV,,,,,,,,
Employee file,382,maintain,Profile,Language Skills,Reading Proficiency,,,,,,,,,,,,,,,,,,,,,,,LOV,,,,,,,,
Employee file,383,maintain,Profile,Language Skills,Writing Proficiency,,,,,,,,,,,,,,,,,,,,,,,LOV,,,,,,,,
Employee file,384,maintain,Profile,Language Skills,Listening Proficiency,,,,,,,,,,,,,,,,,,,,,,,LOV,,,,,,,,
Employee file,385,maintain,Profile,Certification/License,Type Of Certificate,,,,,,,,,,,,,,,,,,,,,,,LOV,,,,,,,,
Employee file,386,maintain,Profile,Certification/License,Certification/ License,,,,,,,,,,,,,,,,,,,,,,,LOV,,,,,,,,
Employee file,387,maintain,Profile,Certification/License,Description,,,,,,,,,,,,,,,,,,,,,,,Text,,,,,,,,
Employee file,388,maintain,Profile,Certification/License,Institution,,,,,,,,,,,,,,,,,,,,,,,Text,,,,,,,,
Employee file,389,maintain,Profile,Certification/License,Effective Date,,,,,,,,,,,,,,,,,,,,,,,LOV,,,,,,,,
Employee file,390,maintain,Profile,Certification/License,Expiration Date,,,,,,,,,,,,,,,,,,,,,,,LOV,,,,,,,,
Employee file,391,maintain,Profile,Certification/License,Certification/ License Number,,,,,,,,,,,,,,,,,,,,,,,Text,,,,,,,,
Employee file,392,maintain,Profile,Certification/License,Name as appears on Certification/License,,,,,,,,,,,,,,,,,,,,,,,Text,,,,,,,,
Employee file,393,maintain,Profile,Certification/License,Certification/ License Country,,,,,,,,,,,,,,,,,,,,,,,Text,,,,,,,,
Employee file,394,maintain,Profile,Certification/License,Score,,,,,,,,,,,,,,,,,,,,,,,Text,,,,,,,,
Employee file,395,maintain,Profile,Certification/License,Attachment,,,,,,,,,,,,,,,,,,,,,,,,,,,,,,,
Employee file,396,maintain,Profile,Honours/Awards,Honour or Award,,,,,,,,,,,,,,,,,,,,,,,Text,,,,,,,,
Employee file,397,maintain,Profile,Honours/Awards,Description,,,,,,,,,,,,,,,,,,,,,,,Text,,,,,,,,
Employee file,398,maintain,Profile,Honours/Awards,Institution,,,,,,,,,,,,,,,,,,,,,,,Text,,,,,,,,
Employee file,399,maintain,Profile,Honours/Awards,Issue Date,,,,,,,,,,,,,,,,,,,,,,,LOV,,,,,,,,
Employee file,400,maintain,Profile,Honours/Awards,Additional Information,,,,,,,,,,,,,,,,,,,,,,,Text,,,,,,,,
Employee file,401,maintain,Profile,Honours/Awards,Attachment,,,,,,,,,,,,,,,,,,,,,,,,,,,,,,,
Employee file,402,maintain,Profile,Goodness,Effective Date,,,,,,,,,,,,,,,,,,,,,,,LOV,,,,,,,,
Employee file,403,maintain,Profile,Goodness,Detail,,,,,,,,,,,,,,,,,,,,,,,Text,,,,,,,,
Employee file,404,maintain,Profile,Goodness,Point,,,,,,,,,,,,,,,,,,,,,,,Text,,,,,,,,
Employee file,405,maintain,Profile,Goodness,Comment,,,,,,,,,,,,,,,,,,,,,,,Text,,,,,,,,
Employee file,406,maintain,Profile,Disciplinary,Start Date,,,,,,,,,,,,,,,,,,,,,,,LOV,,,,,,,,
Employee file,407,maintain,Profile,Disciplinary,Type,,,,,,,,,,,,,,,,,,,,,,,Text,,,,,,,,
Employee file,408,maintain,Profile,Disciplinary,Detail,,,,,,,,,,,,,,,,,,,,,,,Text,,,,,,,,
Employee file,409,maintain,Profile,Disciplinary,Status,,,,,,,,,,,,,,,,,,,,,,,Text,,,,,,,,
Employee file,410,maintain,Profile,Disciplinary,Punishment Detail,,,,,,,,,,,,,,,,,,,,,,,Text,,,,,,,,
Employee file,411,maintain,Profile,Disciplinary,Punishment Date,,,,,,,,,,,,,,,,,,,,,,,LOV,,,,,,,,
Employee file,412,maintain,Profile,Disciplinary,Appeal Date,,,,,,,,,,,,,,,,,,,,,,,LOV,,,,,,,,
Employee file,413,maintain,Profile,Disciplinary,Point,,,,,,,,,,,,,,,,,,,,,,,Text,,,,,,,,
Employee file,414,maintain,Profile,Disciplinary,Damage Amount,,,,,,,,,,,,,,,,,,,,,,,Text,,,,,,,,
Employee file,415,maintain,Profile,Disciplinary,Supervisor,,,,,,,,,,,,,,,,,,,,,,,Text,,,,,,,,
Employee file,416,maintain,Profile,Disciplinary,Attachment,,,,,,,,,,,,,,,,,,,,,,,,,,,,,,,
Employee file,417,maintain,Profile,Legal Execution Department,Legal Execution Department,,,,,,,,,,,,,,,,,,,,,,,Text,,,,,,,,
Employee file,418,maintain,Profile,Legal Execution Department,Execution Case No.,,,,,,,,,,,,,,,,,,,,,,,Text,,,,,,,,
Employee file,419,maintain,Profile,Legal Execution Department,Start Date,,,,,,,,,,,,,,,,,,,,,,,LOV,,,,,,,,
Employee file,420,maintain,Profile,Legal Execution Department,End Date,,,,,,,,,,,,,,,,,,,,,,,LOV,,,,,,,,
Employee file,421,maintain,Profile,Legal Execution Department,Other information,,,,,,,,,,,,,,,,,,,,,,,Text,,,,,,,,
Employee file,422,maintain,Profile,Legal Execution Department,Attachment,,,,,,,,,,,,,,,,,,,,,,,,,,,,,,,
Employee file,423,maintain,Profile,Company Loan,Start Date,,,,,,,,,,,,,,,,,,,,,,,LOV,,,,,,,,
Employee file,424,maintain,Profile,Company Loan,End Date,,,,,,,,,,,,,,,,,,,,,,,LOV,,,,,,,,
Employee file,425,maintain,Profile,Company Loan,Type of Loan,,,,,,,,,,,,,,,,,,,,,,,Text,,,,,,,,
Employee file,426,maintain,Profile,Company Loan,Amount,,,,,,,,,,,,,,,,,,,,,,,Text,,,,,,,,
Employee file,427,maintain,Profile,Company Loan,Additional Information,,,,,,,,,,,,,,,,,,,,,,,Text,,,,,,,,
Employee file,428,maintain,Profile,Product Liability Insurance,Effective Date,,,,,,,,,,,,,,,,,,,,,,,LOV,,,,,,,,
Employee file,429,maintain,Profile,Product Liability Insurance,Insurance Company,,,,,,,,,,,,,,,,,,,,,,,Text,,,,,,,,
Employee file,430,maintain,Profile,Product Liability Insurance,Bank,,,,,,,,,,,,,,,,,,,,,,,LOV,,,,,,,,
Employee file,431,maintain,Profile,Product Liability Insurance,value,,,,,,,,,,,,,,,,,,,,,,,Text,,,,,,,,
Employee file,432,maintain,Profile,Product Liability Insurance,status,,,,,,,,,,,,,,,,,,,,,,,LOV,,,,,,,,
Employee file,433,maintain,Profile,Product Liability Insurance,Remark,,,,,,,,,,,,,,,,,,,,,,,Text,,,,,,,,
Employee file,434,maintain,Profile,Student Loan,Year of Contract,,,,,,,,,,,,,,,,,,,,,,,LOV,,,,,,,,
Employee file,435,maintain,Profile,Student Loan,Levels of Education,,,,,,,,,,,,,,,,,,,,,,,LOV,,,,,,,,
Employee file,436,maintain,Profile,Student Loan,Academic Year,,,,,,,,,,,,,,,,,,,,,,,Text,,,,,,,,
Employee file,437,maintain,Profile,Student Loan,Year of final payment,,,,,,,,,,,,,,,,,,,,,,,LOV,,,,,,,,
Employee file,438,maintain,Profile,Student Loan,Attachment,,,,,,,,,,,,,,,,,,,,,,,,,,,,,,,
Employee file,439,maintain,Profile,Student Loan,Remark,,,,,,,,,,,,,,,,,,,,,,,Text,,,,,,,,
Employee file,440,maintain,Profile,Scholarship,Scholarship Award Year,,,,,,,,,,,,,,,,,,,,,,,LOV,,,,,,,,
Employee file,441,maintain,Profile,Scholarship,Graduation Year,,,,,,,,,,,,,,,,,,,,,,,LOV,,,,,,,,
Employee file,442,maintain,Profile,Scholarship,Scholarship Start Year,,,,,,,,,,,,,,,,,,,,,,,LOV,,,,,,,,
Employee file,443,maintain,Profile,Scholarship,Scholarship End Year,,,,,,,,,,,,,,,,,,,,,,,LOV,,,,,,,,
Employee file,444,maintain,Profile,Scholarship,Attachment,,,,,,,,,,,,,,,,,,,,,,,,,,,,,,,
Employee file,445,maintain,Profile,Scholarship,Remarks,,,,,,,,,,,,,,,,,,,,,,,Text,,,,,,,,
Employee file,446,maintain,Profile,Guarantee,Guarantee,,,,,,,,,,,,,,,,,,,,,,,LOV,,,,,,,,
Employee file,447,maintain,Profile,Guarantee,Effective date,,,,,,,,,,,,,,,,,,,,,,,LOV,,,,,,,,
Employee file,448,maintain,Profile,Guarantee,Guarantor (Person name or Company name),,,,,,,,,,,,,,,,,,,,,,,Text,,,,,,,,
Employee file,449,maintain,Profile,Guarantee,Warranty Amount,,,,,,,,,,,,,,,,,,,,,,,Text,,,,,,,,
Employee file,450,maintain,Profile,Guarantee,Contact No.,,,,,,,,,,,,,,,,,,,,,,,Text,,,,,,,,
Employee file,451,maintain,Profile,Guarantee,End Date,,,,,,,,,,,,,,,,,,,,,,,LOV,,,,,,,,
Employee file,452,maintain,Profile,Employee Benefit,Obligation(EBO),,,,,,,,,,,,,,,,,,,,,,,,,,,,,,,
Employee file,453,maintain,Profile,Company Asset,Receiving date,,,,,,,,,,,,,,,,,,,,,,,LOV,,,,,,,,
Employee file,454,maintain,Profile,Company Asset,Receiving status,,,,,,,,,,,,,,,,,,,,,,,LOV,,,,,,,,
Employee file,455,maintain,Profile,Company Asset,Volume,,,,,,,,,,,,,,,,,,,,,,,Text,,,,,,,,
Employee file,456,maintain,Profile,Company Asset,Asset type,,,,,,,,,,,,,,,,,,,,,,,LOV,,,,,,,,
Employee file,457,maintain,Profile,Company Asset,Returnable date,,,,,,,,,,,,,,,,,,,,,,,LOV,,,,,,,,
Employee file,458,maintain,Profile,Company Asset,Return Status,,,,,,,,,,,,,,,,,,,,,,,LOV,,,,,,,,
Employee file,459,maintain,Profile,Company Asset,Remark,,,,,,,,,,,,,,,,,,,,,,,Text,,,,,,,,
Employee file,460,maintain,Profile,Company Asset,Serial number,,,,,,,,,,,,,,,,,,,,,,,Text,,,,,,,,
Employee file,461,maintain,Profile,Mobility,Willing to Relocate,,,,,,,,,,,,,,,,,,,,,,,LOV,,,,,,,,
Employee file,462,maintain,Profile,Mobility,Country,,,,,,,,,,,,,,,,,,,,,,,LOV,,,,,,,,
Employee file,463,maintain,Profile,Mobility,Province,,,,,,,,,,,,,,,,,,,,,,,LOV,,,,,,,,
Employee file,464,maintain,Profile,Mobility,Business Unit,,,,,,,,,,,,,,,,,,,,,,,LOV,,,,,,,,
Employee file,465,maintain,Profile,Mobility,Function,,,,,,,,,,,,,,,,,,,,,,,LOV,,,,,,,,
Employee file,466,maintain,Profile,Mobility,Comment,,,,,,,,,,,,,,,,,,,,,,,Text,,,,,,,,
Employee file,467,maintain,Profile,Individual Document,Document Name,,,,,,,,,,,,,,,,,,,,,,,LOV,,,,,,,,
Employee file,468,maintain,Profile,Individual Document,Effective Date,,,,,,,,,,,,,,,,,,,,,,,LOV,,,,,,,,
Employee file,469,maintain,Profile,Individual Document,Attachment,,,,,,,,,,,,,,,,,,,,,,,,,,,,,,,
Employee file,470,maintain,Time Management,Time Management,Administer Time,,,,,,,,,,,,,,,,,,,,,,,Link,,,,,,,,
Employee file,471,maintain,Time Management,Time Forms,Generate Time Forms,,,,,,,,,,,,,,,,,,,,,,,Link,,,,,,,,
